colony_id,surface.area.cm2,timepoint
POC-466,20.76015047829493,JAN
POC-467,27.508617812449998,JAN
POC-468,23.97370635170212,JAN
POC-469,11.440838445414117,JAN
POC-470,81.49635648569057,JAN
POC-471,22.688284002339252,JAN
POC-472,16.582527842865602,JAN
POC-473,26.865906637768575,JAN
POC-474,28.15132898713148,JAN
POC-475,17.546594604887794,JAN
